[
  {
    "code": "ABQ",
    "name": "Albuquerque International Sunport",
    "city": "Albuquerque",
    "state": "NM",
    "country": "United States",
    "latitude_deg": 35.040222,
    "longitude_deg": -106.609194
  },
  {
    "code": "ALB",
    "name": "Albany International Airport",
    "city": "Albany",
    "state": "NY",
    "country": "United States",
    "latitude_deg": 42.748417,
    "longitude_deg": -73.805417
  },
  {
    "code": "AMA",
    "name": "Rick Husband Amarillo International Airport",
    "city": "Amarillo",
    "state": "TX",
    "country": "United States",
    "latitude_deg": 35.219166,
    "longitude_deg": -101.706917
  },
  {
    "code": "ATL",
    "name": "Hartsfield–Jackson Atlanta International Airport",
    "city": "Atlanta",
    "state": "GA",
    "country": "United States",
    "latitude_deg": 33.636719,
    "longitude_deg": -84.428067
  },
  {
    "code": "AUA",
    "name": "Queen Beatrix International Airport",
    "city": "Oranjestad",
    "state": "Aruba",
    "country": "Aruba",
    "latitude_deg": 12.502778,
    "longitude_deg": -69.990833
  },
  {
    "code": "AUS",
    "name": "Austin-Bergstrom International Airport",
    "city": "Austin",
    "state": "TX",
    "country": "United States",
    "latitude_deg": 30.194528,
    "longitude_deg": -97.669889
  },
  {
    "code": "BDL",
    "name": "Bradley International Airport",
    "city": "Hartford",
    "state": "CT",
    "country": "United States",
    "latitude_deg": 41.938889,
    "longitude_deg": -72.683194
  },
  {
    "code": "BHM",
    "name": "Birmingham-Shuttlesworth International Airport",
    "city": "Birmingham",
    "state": "AL",
    "country": "United States",
    "latitude_deg": 33.562943,
    "longitude_deg": -86.753944
  },
  {
    "code": "BNA",
    "name": "Nashville International Airport",
    "city": "Nashville",
    "state": "TN",
    "country": "United States",
    "latitude_deg": 36.124472,
    "longitude_deg": -86.678178
  },
  {
    "code": "BOI",
    "name": "Boise Airport",
    "city": "Boise",
    "state": "ID",
    "country": "United States",
    "latitude_deg": 43.564361,
    "longitude_deg": -116.221861
  },
  {
    "code": "BOS",
    "name": "Gen. Edward Lawrence Logan International Airport",
    "city": "Boston",
    "state": "MA",
    "country": "United States",
    "latitude_deg": 42.364347,
    "longitude_deg": -71.005181
  },
  {
    "code": "BUF",
    "name": "Buffalo Niagara International Airport",
    "city": "Buffalo",
    "state": "NY",
    "country": "United States",
    "latitude_deg": 42.940525,
    "longitude_deg": -78.732167
  },
  {
    "code": "BUR",
    "name": "Hollywood Burbank Airport",
    "city": "Burbank",
    "state": "CA",
    "country": "United States",
    "latitude_deg": 34.200668,
    "longitude_deg": -118.358203
  },
  {
    "code": "BWI",
    "name": "Baltimore/Washington International Thurgood Marshall Airport",
    "city": "Baltimore",
    "state": "MD",
    "country": "United States",
    "latitude_deg": 39.175361,
    "longitude_deg": -76.668311
  },
  {
    "code": "BZE",
    "name": "Philip S. W. Goldson International Airport",
    "city": "Belize City",
    "state": "Belize District",
    "country": "Belize",
    "latitude_deg": 17.539167,
    "longitude_deg": -88.313056
  },
  {
    "code": "BZN",
    "name": "Bozeman Yellowstone International Airport",
    "city": "Bozeman",
    "state": "MT",
    "country": "United States",
    "latitude_deg": 45.777250,
    "longitude_deg": -111.182778
  },
  {
    "code": "CHS",
    "name": "Charleston International Airport",
    "city": "Charleston",
    "state": "SC",
    "country": "United States",
    "latitude_deg": 32.898722,
    "longitude_deg": -80.040528
  },
  {
    "code": "CLE",
    "name": "Cleveland Hopkins International Airport",
    "city": "Cleveland",
    "state": "OH",
    "country": "United States",
    "latitude_deg": 41.411190,
    "longitude_deg": -81.851242
  },
  {
    "code": "CLT",
    "name": "Charlotte Douglas International Airport",
    "city": "Charlotte",
    "state": "NC",
    "country": "United States",
    "latitude_deg": 35.214011,
    "longitude_deg": -80.943132
  },
  {
    "code": "CMH",
    "name": "John Glenn Columbus International Airport",
    "city": "Columbus",
    "state": "OH",
    "country": "United States",
    "latitude_deg": 39.998024,
    "longitude_deg": -82.891945
  },
  {
    "code": "COS",
    "name": "City of Colorado Springs Municipal Airport",
    "city": "Colorado Springs",
    "state": "CO",
    "country": "United States",
    "latitude_deg": 38.850361,
    "longitude_deg": -104.700833
  },
  {
    "code": "CRP",
    "name": "Corpus Christi International Airport",
    "city": "Corpus Christi",
    "state": "TX",
    "country": "United States",
    "latitude_deg": 27.770556,
    "longitude_deg": -97.402222
  },
  {
    "code": "CUN",
    "name": "Cancún International Airport",
    "city": "Cancun",
    "state": "Quintana Roo",
    "country": "Mexico",
    "latitude_deg": 21.036250,
    "longitude_deg": -86.877222
  },
  {
    "code": "CVG",
    "name": "Cincinnati/Northern Kentucky International Airport",
    "city": "Cincinnati",
    "state": "OH",
    "country": "United States",
    "latitude_deg": 39.046875,
    "longitude_deg": -84.667778
  },
  {
    "code": "DAL",
    "name": "Dallas Love Field",
    "city": "Dallas",
    "state": "TX",
    "country": "United States",
    "latitude_deg": 32.847111,
    "longitude_deg": -96.851778
  },
  {
    "code": "DCA",
    "name": "Ronald Reagan Washington National Airport",
    "city": "Washington",
    "state": "DC",
    "country": "United States",
    "latitude_deg": 38.852083,
    "longitude_deg": -77.037514
  },
  {
    "code": "DEN",
    "name": "Denver International Airport",
    "city": "Denver",
    "state": "CO",
    "country": "United States",
    "latitude_deg": 39.858473,
    "longitude_deg": -104.666809
  },
  {
    "code": "DSM",
    "name": "Des Moines International Airport",
    "city": "Des Moines",
    "state": "IA",
    "country": "United States",
    "latitude_deg": 41.534475,
    "longitude_deg": -93.652573
  },
  {
    "code": "DTW",
    "name": "Detroit Metropolitan Wayne County Airport",
    "city": "Detroit",
    "state": "MI",
    "country": "United States",
    "latitude_deg": 42.212407,
    "longitude_deg": -83.353389
  },
  {
    "code": "ECP",
    "name": "Northwest Florida Beaches International Airport",
    "city": "Panama City Beach",
    "state": "FL",
    "country": "United States",
    "latitude_deg": 30.491222,
    "longitude_deg": -85.795417
  },
  {
    "code": "ELP",
    "name": "El Paso International Airport",
    "city": "El Paso",
    "state": "TX",
    "country": "United States",
    "latitude_deg": 31.807194,
    "longitude_deg": -106.377639
  },
  {
    "code": "EUG",
    "name": "Eugene Airport",
    "city": "Eugene",
    "state": "OR",
    "country": "United States",
    "latitude_deg": 44.122194,
    "longitude_deg": -123.220833
  },
  {
    "code": "FAT",
    "name": "Fresno Yosemite International Airport",
    "city": "Fresno",
    "state": "CA",
    "country": "United States",
    "latitude_deg": 36.770833,
    "longitude_deg": -119.718611
  },
  {
    "code": "FLL",
    "name": "Fort Lauderdale-Hollywood International Airport",
    "city": "Fort Lauderdale",
    "state": "FL",
    "country": "United States",
    "latitude_deg": 26.072583,
    "longitude_deg": -80.152750
  },
  {
    "code": "GCM",
    "name": "Owen Roberts International Airport",
    "city": "George Town",
    "state": "Grand Cayman",
    "country": "Cayman Islands",
    "latitude_deg": 19.292778,
    "longitude_deg": -81.358056
  },
  {
    "code": "GEG",
    "name": "Spokane International Airport",
    "city": "Spokane",
    "state": "WA",
    "country": "United States",
    "latitude_deg": 47.656944,
    "longitude_deg": -117.530556
  },
  {
    "code": "GRR",
    "name": "Gerald R. Ford International Airport",
    "city": "Grand Rapids",
    "state": "MI",
    "country": "United States",
    "latitude_deg": 42.880833,
    "longitude_deg": -85.522778
  },
  {
    "code": "GSP",
    "name": "Greenville-Spartanburg International Airport",
    "city": "Greenville",
    "state": "SC",
    "country": "United States",
    "latitude_deg": 34.858389,
    "longitude_deg": -82.219803
  },
  {
    "code": "HDN",
    "name": "Yampa Valley Airport",
    "city": "Hayden",
    "state": "CO",
    "country": "United States",
    "latitude_deg": 40.482222,
    "longitude_deg": -107.217500
  },
  {
    "code": "HNL",
    "name": "Daniel K. Inouye International Airport",
    "city": "Honolulu",
    "state": "HI",
    "country": "United States",
    "latitude_deg": 21.318700,
    "longitude_deg": -157.921997
  },
  {
    "code": "HOU",
    "name": "William P. Hobby Airport",
    "city": "Houston",
    "state": "TX",
    "country": "United States",
    "latitude_deg": 29.645417,
    "longitude_deg": -95.278889
  },
  {
    "code": "HRL",
    "name": "Valley International Airport",
    "city": "Harlingen",
    "state": "TX",
    "country": "United States",
    "latitude_deg": 26.240833,
    "longitude_deg": -97.632222
  },
  {
    "code": "IAD",
    "name": "Washington Dulles International Airport",
    "city": "Washington",
    "state": "DC",
    "country": "United States",
    "latitude_deg": 38.944444,
    "longitude_deg": -77.455833
  },
  {
    "code": "ICT",
    "name": "Wichita Dwight D. Eisenhower National Airport",
    "city": "Wichita",
    "state": "KS",
    "country": "United States",
    "latitude_deg": 37.661389,
    "longitude_deg": -97.433056
  },
  {
    "code": "IND",
    "name": "Indianapolis International Airport",
    "city": "Indianapolis",
    "state": "IN",
    "country": "United States",
    "latitude_deg": 39.717331,
    "longitude_deg": -86.294387
  },
  {
    "code": "ISP",
    "name": "Long Island MacArthur Airport",
    "city": "Islip",
    "state": "NY",
    "country": "United States",
    "latitude_deg": 40.795000,
    "longitude_deg": -73.100833
  },
  {
    "code": "ITO",
    "name": "Hilo International Airport",
    "city": "Hilo",
    "state": "HI",
    "country": "United States",
    "latitude_deg": 19.044167,
    "longitude_deg": -155.689167
  },
  {
    "code": "JAN",
    "name": "Jackson-Medgar Wiley Evers International Airport",
    "city": "Jackson",
    "state": "MS",
    "country": "United States",
    "latitude_deg": 32.321167,
    "longitude_deg": -90.051833
  },
  {
    "code": "JAX",
    "name": "Jacksonville International Airport",
    "city": "Jacksonville",
    "state": "FL",
    "country": "United States",
    "latitude_deg": 30.494056,
    "longitude_deg": -81.687778
  },
  {
    "code": "KOA",
    "name": "Ellison Onizuka Kona International Airport",
    "city": "Kailua-Kona",
    "state": "HI",
    "country": "United States",
    "latitude_deg": 19.744167,
    "longitude_deg": -156.045833
  },
  {
    "code": "LAS",
    "name": "Harry Reid International Airport",
    "city": "Las Vegas",
    "state": "NV",
    "country": "United States",
    "latitude_deg": 36.080417,
    "longitude_deg": -115.152222
  },
  {
    "code": "LAX",
    "name": "Los Angeles International Airport",
    "city": "Los Angeles",
    "state": "CA",
    "country": "United States",
    "latitude_deg": 33.942536,
    "longitude_deg": -118.408075
  },
  {
    "code": "LBB",
    "name": "Lubbock Preston Smith International Airport",
    "city": "Lubbock",
    "state": "TX",
    "country": "United States",
    "latitude_deg": 33.645556,
    "longitude_deg": -101.810833
  },
  {
    "code": "LGA",
    "name": "LaGuardia Airport",
    "city": "New York",
    "state": "NY",
    "country": "United States",
    "latitude_deg": 40.777245,
    "longitude_deg": -73.872608
  },
  {
    "code": "LGB",
    "name": "Long Beach Airport",
    "city": "Long Beach",
    "state": "CA",
    "country": "United States",
    "latitude_deg": 33.811889,
    "longitude_deg": -118.151444
  },
  {
    "code": "LIH",
    "name": "Lihue Airport",
    "city": "Lihue",
    "state": "HI",
    "country": "United States",
    "latitude_deg": 20.789167,
    "longitude_deg": -156.909167
  },
  {
    "code": "LIR",
    "name": "Daniel Oduber Quirós International Airport",
    "city": "Liberia",
    "state": "Guanacaste",
    "country": "Costa Rica",
    "latitude_deg": 10.945556,
    "longitude_deg": -85.546389
  },
  {
    "code": "LIT",
    "name": "Bill and Hillary Clinton National Airport",
    "city": "Little Rock",
    "state": "AR",
    "country": "United States",
    "latitude_deg": 34.729444,
    "longitude_deg": -92.224722
  },
  {
    "code": "MAF",
    "name": "Midland International Air and Space Port",
    "city": "Midland",
    "state": "TX",
    "country": "United States",
    "latitude_deg": 31.942528,
    "longitude_deg": -103.201389
  },
  {
    "code": "MBJ",
    "name": "Sangster International Airport",
    "city": "Montego Bay",
    "state": "St. James",
    "country": "Jamaica",
    "latitude_deg": 18.504167,
    "longitude_deg": -77.430556
  },
  {
    "code": "MCI",
    "name": "Kansas City International Airport",
    "city": "Kansas City",
    "state": "MO",
    "country": "United States",
    "latitude_deg": 39.297611,
    "longitude_deg": -94.713897
  },
  {
    "code": "MCO",
    "name": "Orlando International Airport",
    "city": "Orlando",
    "state": "FL",
    "country": "United States",
    "latitude_deg": 28.429389,
    "longitude_deg": -81.308944
  },
  {
    "code": "MDW",
    "name": "Midway International Airport",
    "city": "Chicago",
    "state": "IL",
    "country": "United States",
    "latitude_deg": 41.786972,
    "longitude_deg": -87.752417
  },
  {
    "code": "MEM",
    "name": "Memphis International Airport",
    "city": "Memphis",
    "state": "TN",
    "country": "United States",
    "latitude_deg": 35.042500,
    "longitude_deg": -89.976694
  },
  {
    "code": "MHT",
    "name": "Manchester-Boston Regional Airport",
    "city": "Manchester",
    "state": "NH",
    "country": "United States",
    "latitude_deg": 42.932556,
    "longitude_deg": -71.435556
  },
  {
    "code": "MIA",
    "name": "Miami International Airport",
    "city": "Miami",
    "state": "FL",
    "country": "United States",
    "latitude_deg": 25.793250,
    "longitude_deg": -80.290556
  },
  {
    "code": "MKE",
    "name": "Milwaukee Mitchell International Airport",
    "city": "Milwaukee",
    "state": "WI",
    "country": "United States",
    "latitude_deg": 42.947222,
    "longitude_deg": -87.896667
  },
  {
    "code": "MSP",
    "name": "Minneapolis–Saint Paul International Airport",
    "city": "Minneapolis",
    "state": "MN",
    "country": "United States",
    "latitude_deg": 44.882000,
    "longitude_deg": -93.221769
  },
  {
    "code": "MSY",
    "name": "Louis Armstrong New Orleans International Airport",
    "city": "New Orleans",
    "state": "LA",
    "country": "United States",
    "latitude_deg": 29.993389,
    "longitude_deg": -90.258028
  },
  {
    "code": "MTJ",
    "name": "Montrose Regional Airport",
    "city": "Montrose",
    "state": "CO",
    "country": "United States",
    "latitude_deg": 38.507500,
    "longitude_deg": -107.908056
  },
  {
    "code": "MYR",
    "name": "Myrtle Beach International Airport",
    "city": "Myrtle Beach",
    "state": "SC",
    "country": "United States",
    "latitude_deg": 33.679833,
    "longitude_deg": -78.928306
  },
  {
    "code": "NAS",
    "name": "Lynden Pindling International Airport",
    "city": "Nassau",
    "state": "New Providence",
    "country": "Bahamas",
    "latitude_deg": 25.038500,
    "longitude_deg": -77.341500
  },
  {
    "code": "OAK",
    "name": "Oakland International Airport",
    "city": "Oakland",
    "state": "CA",
    "country": "United States",
    "latitude_deg": 37.721250,
    "longitude_deg": -122.220833
  },
  {
    "code": "OGG",
    "name": "Kahului Airport",
    "city": "Kahului",
    "state": "HI",
    "country": "United States",
    "latitude_deg": 20.898611,
    "longitude_deg": -156.429444
  },
  {
    "code": "OKC",
    "name": "Will Rogers World Airport",
    "city": "Oklahoma City",
    "state": "OK",
    "country": "United States",
    "latitude_deg": 35.393083,
    "longitude_deg": -97.600694
  },
  {
    "code": "OMA",
    "name": "Eppley Airfield",
    "city": "Omaha",
    "state": "NE",
    "country": "United States",
    "latitude_deg": 41.303167,
    "longitude_deg": -95.900833
  },
  {
    "code": "ONT",
    "name": "Ontario International Airport",
    "city": "Ontario",
    "state": "CA",
    "country": "United States",
    "latitude_deg": 34.056389,
    "longitude_deg": -117.601389
  },
  {
    "code": "ORD",
    "name": "O'Hare International Airport",
    "city": "Chicago",
    "state": "IL",
    "country": "United States",
    "latitude_deg": 41.978603,
    "longitude_deg": -87.904842
  },
  {
    "code": "ORF",
    "name": "Norfolk International Airport",
    "city": "Norfolk",
    "state": "VA",
    "country": "United States",
    "latitude_deg": 36.894639,
    "longitude_deg": -76.201167
  },
  {
    "code": "PBI",
    "name": "Palm Beach International Airport",
    "city": "West Palm Beach",
    "state": "FL",
    "country": "United States",
    "latitude_deg": 26.683528,
    "longitude_deg": -80.095917
  },
  {
    "code": "PDX",
    "name": "Portland International Airport",
    "city": "Portland",
    "state": "OR",
    "country": "United States",
    "latitude_deg": 45.588700,
    "longitude_deg": -122.597500
  },
  {
    "code": "PHL",
    "name": "Philadelphia International Airport",
    "city": "Philadelphia",
    "state": "PA",
    "country": "United States",
    "latitude_deg": 39.871944,
    "longitude_deg": -75.241139
  },
  {
    "code": "PHX",
    "name": "Phoenix Sky Harbor International Airport",
    "city": "Phoenix",
    "state": "AZ",
    "country": "United States",
    "latitude_deg": 33.434306,
    "longitude_deg": -112.011583
  },
  {
    "code": "PIT",
    "name": "Pittsburgh International Airport",
    "city": "Pittsburgh",
    "state": "PA",
    "country": "United States",
    "latitude_deg": 40.491500,
    "longitude_deg": -80.232903
  },
  {
    "code": "PLS",
    "name": "Providenciales International Airport",
    "city": "Providenciales",
    "state": "Turks and Caicos Islands",
    "country": "Turks and Caicos Islands",
    "latitude_deg": 23.383333, "longitude_deg": -75.316667
  },
  {
    "code": "PNS",
    "name": "Pensacola International Airport",
    "city": "Pensacola",
    "state": "FL",
    "country": "United States",
    "latitude_deg": 30.479500,
    "longitude_deg": -87.187833
  },
  {
    "code": "PSP",
    "name": "Palm Springs International Airport",
    "city": "Palm Springs",
    "state": "CA",
    "country": "United States",
    "latitude_deg": 33.818889,
    "longitude_deg": -116.507778
  },
  {
    "code": "PUJ",
    "name": "Punta Cana International Airport",
    "city": "Punta Cana",
    "state": "La Altagracia",
    "country": "Dominican Republic",
    "latitude_deg": 18.569167,
    "longitude_deg": -68.363056
  },
  {
    "code": "PVD",
    "name": "Rhode Island T. F. Green International Airport",
    "city": "Providence",
    "state": "RI",
    "country": "United States",
    "latitude_deg": 41.732500,
    "longitude_deg": -71.420417
  },
  {
    "code": "PVR",
    "name": "Licenciado Gustavo Díaz Ordaz International Airport",
    "city": "Puerto Vallarta",
    "state": "Jalisco",
    "country": "Mexico",
    "latitude_deg": 20.682222,
    "longitude_deg": -105.255556
  },
  {
    "code": "PWM",
    "name": "Portland International Jetport",
    "city": "Portland",
    "state": "ME",
    "country": "United States",
    "latitude_deg": 43.646389,
    "longitude_deg": -70.309444
  },
  {
    "code": "RDU",
    "name": "Raleigh-Durham International Airport",
    "city": "Raleigh",
    "state": "NC",
    "country": "United States",
    "latitude_deg": 35.877639,
    "longitude_deg": -78.787472
  },
  {
    "code": "RIC",
    "name": "Richmond International Airport",
    "city": "Richmond",
    "state": "VA",
    "country": "United States",
    "latitude_deg": 37.505200,
    "longitude_deg": -77.319700
  },
  {
    "code": "RNO",
    "name": "Reno-Tahoe International Airport",
    "city": "Reno",
    "state": "NV",
    "country": "United States",
    "latitude_deg": 39.499100,
    "longitude_deg": -119.767700
  },
  {
    "code": "ROC",
    "name": "Frederick Douglass Greater Rochester International Airport",
    "city": "Rochester",
    "state": "NY",
    "country": "United States",
    "latitude_deg": 43.118600,
    "longitude_deg": -77.672400
  },
  {
    "code": "RSW",
    "name": "Southwest Florida International Airport",
    "city": "Fort Myers",
    "state": "FL",
    "country": "United States",
    "latitude_deg": 26.536200,
    "longitude_deg": -81.755200
  },
  {
    "code": "SAN",
    "name": "San Diego International Airport",
    "city": "San Diego",
    "state": "CA",
    "country": "United States",
    "latitude_deg": 32.733600,
    "longitude_deg": -117.189700
  },
  {
    "code": "SAT",
    "name": "San Antonio International Airport",
    "city": "San Antonio",
    "state": "TX",
    "country": "United States",
    "latitude_deg": 29.533900,
    "longitude_deg": -98.469800
  },
  {
    "code": "SAV",
    "name": "Savannah/Hilton Head International Airport",
    "city": "Savannah",
    "state": "GA",
    "country": "United States",
    "latitude_deg": 32.127500,
    "longitude_deg": -81.202200
  },
  {
    "code": "SBA",
    "name": "Santa Barbara Airport",
    "city": "Santa Barbara",
    "state": "CA",
    "country": "United States",
    "latitude_deg": 34.426500,
    "longitude_deg": -119.841200
  },
  {
    "code": "SDF",
    "name": "Louisville Muhammad Ali International Airport",
    "city": "Louisville",
    "state": "KY",
    "country": "United States",
    "latitude_deg": 38.174500,
    "longitude_deg": -85.736100
  },
  {
    "code": "SEA",
    "name": "Seattle-Tacoma International Airport",
    "city": "Seattle",
    "state": "WA",
    "country": "United States",
    "latitude_deg": 47.449000,
    "longitude_deg": -122.309300
  },
  {
    "code": "SFO",
    "name": "San Francisco International Airport",
    "city": "San Francisco",
    "state": "CA",
    "country": "United States",
    "latitude_deg": 37.618972,
    "longitude_deg": -122.375000
  },
  {
    "code": "SJC",
    "name": "Norman Y. Mineta San Jose International Airport",
    "city": "San Jose",
    "state": "CA",
    "country": "United States",
    "latitude_deg": 37.362600,
    "longitude_deg": -121.929000
  },
  {
    "code": "SJD",
    "name": "Los Cabos International Airport",
    "city": "San Jose del Cabo",
    "state": "Baja California Sur",
    "country": "Mexico",
    "latitude_deg": 23.012500,
    "longitude_deg": -109.720833
  },
  {
    "code": "SJO",
    "name": "Juan Santamaría International Airport",
    "city": "San Jose",
    "state": "Alajuela",
    "country": "Costa Rica",
    "latitude_deg": 9.993389,
    "longitude_deg": -84.208133
  },
  {
    "code": "SJU",
    "name": "Luis Muñoz Marín International Airport",
    "city": "San Juan",
    "state": "Puerto Rico",
    "country": "Puerto Rico",
    "latitude_deg": 18.439400,
    "longitude_deg": -66.001100
  },
  {
    "code": "SLC",
    "name": "Salt Lake City International Airport",
    "city": "Salt Lake City",
    "state": "UT",
    "country": "United States",
    "latitude_deg": 40.788386,
    "longitude_deg": -111.977753
  },
  {
    "code": "SMF",
    "name": "Sacramento International Airport",
    "city": "Sacramento",
    "state": "CA",
    "country": "United States",
    "latitude_deg": 38.695400,
    "longitude_deg": -121.595800
  },
  {
    "code": "SNA",
    "name": "John Wayne Airport",
    "city": "Santa Ana",
    "state": "CA",
    "country": "United States",
    "latitude_deg": 33.675700,
    "longitude_deg": -117.949700
  },
  {
    "code": "SRQ",
    "name": "Sarasota-Bradenton International Airport",
    "city": "Sarasota",
    "state": "FL",
    "country": "United States",
    "latitude_deg": 27.395400,
    "longitude_deg": -82.554200
  },
  {
    "code": "STL",
    "name": "St. Louis Lambert International Airport",
    "city": "St. Louis",
    "state": "MO",
    "country": "United States",
    "latitude_deg": 38.748700,
    "longitude_deg": -90.370100
  },
  {
    "code": "TPA",
    "name": "Tampa International Airport",
    "city": "Tampa",
    "state": "FL",
    "country": "United States",
    "latitude_deg": 27.975500,
    "longitude_deg": -82.533203
  },
  {
    "code": "TUL",
    "name": "Tulsa International Airport",
    "city": "Tulsa",
    "state": "OK",
    "country": "United States",
    "latitude_deg": 36.198400,
    "longitude_deg": -95.888200
  },
  {
    "code": "TUS",
    "name": "Tucson International Airport",
    "city": "Tucson",
    "state": "AZ",
    "country": "United States",
    "latitude_deg": 32.122400,
    "longitude_deg": -110.941200
  },
  {
    "code": "VPS",
    "name": "Destin–Fort Walton Beach Airport",
    "city": "Destin / Fort Walton Beach",
    "state": "FL",
    "country": "United States",
    "latitude_deg": 30.478500,
    "longitude_deg": -86.525600
  }
]